id,latitude,longitude
5,41.87395806,-87.62773949
13,41.93250008,-87.65268082
14,41.858086,-87.651073
15,41.85818061,-87.65648665
16,41.910329,-87.672516
17,41.90332,-87.67273
19,41.869417,-87.660996
20,41.90959193,-87.65349723
21,41.87772613,-87.65478743
22,41.8694821,-87.6554864
23,41.902924,-87.637715
24,41.89186,-87.62062
25,41.89766,-87.62351
26,41.89102,-87.6173
27,41.91021,-87.6435
28,41.91468,-87.64332
29,41.90068,-87.6626
30,41.899643,-87.6677
31,41.89680204,-87.63563839
32,41.87464,-87.65703
33,41.877181,-87.627844
34,41.92675599,-87.63442878
35,41.891071,-87.6122
36,41.87770796,-87.63532114
37,41.87935636,-87.62979104
42,41.85323876,-87.62533709
43,41.88389277,-87.62464914
44,41.8847302,-87.62773357
45,41.8760656,-87.62443336
46,41.89993001,-87.63443007
47,41.88918,-87.6277
48,41.897764,-87.642884
49,41.88131982,-87.62952092
50,41.87593267,-87.63058454
51,41.88457623,-87.63188991
52,41.88605812,-87.62428934
53,41.893832,-87.634195
54,41.89636246,-87.65406127
55,41.865861,-87.646611
56,41.88871604,-87.64444785
57,41.86711778,-87.64108796
58,41.91785887,-87.668919
59,41.867173,-87.62595501
60,41.91057803,-87.64942193
61,41.907655,-87.672552
62,41.85137517,-87.61883465
66,41.88583274,-87.64138231
67,41.92560188,-87.65370804
68,41.875885,-87.640795
69,41.90939601,-87.67769193
71,41.88548331,-87.65230486
72,41.86012138,-87.62772919
73,41.880422,-87.642746
74,41.89384315,-87.64185116
75,41.87811421,-87.63997112
76,41.88105,-87.61697
77,41.8815824,-87.64127743
80,41.881487,-87.654752
81,41.884337,-87.630183
84,41.891733,-87.648727
85,41.90096039,-87.62377664
86,41.89637337,-87.66098386
87,41.92556258,-87.65840426
88,41.88397,-87.655688
90,41.8810317,-87.62408432
91,41.88338,-87.64117
92,41.894556,-87.653449
93,41.913688,-87.652855
94,41.918273,-87.638116
97,41.865212,-87.617759
98,41.882664,-87.63253
99,41.89257,-87.614492
100,41.888243,-87.63639
106,41.897448,-87.628722
108,41.87184,-87.64664
109,41.8745,-87.6498
110,41.893975,-87.628623
111,41.894666,-87.638437
112,41.884078,-87.648684
113,41.91844,-87.65222
114,41.94688,-87.65445
115,41.936253,-87.653566
116,41.915533,-87.687051
117,41.94018,-87.65304
118,41.910579,-87.638618
119,41.88541,-87.66732
120,41.854564,-87.631937
121,41.802562,-87.590368
122,41.87501,-87.67328
123,41.922695,-87.697153
124,41.855048,-87.675726
126,41.911791,-87.631841
127,41.925905,-87.64926
128,41.895769,-87.67722
129,41.857556,-87.661535
130,41.90331,-87.67695
131,41.939365,-87.668385
132,41.849237,-87.631715
134,41.877749,-87.649633
135,41.85378,-87.64665
136,41.865054,-87.656959
137,41.862378,-87.651062
138,41.904509,-87.6405
140,41.899007,-87.629928
141,41.915689,-87.6346
143,41.92197,-87.63854
144,41.92175,-87.64401
146,41.877945,-87.662007
147,41.8457,-87.62248
148,41.834734,-87.625813
149,41.8349,-87.61793
150,41.838556,-87.608218
152,41.932225,-87.658617
153,41.93584,-87.6637
154,41.93949,-87.66378
156,41.93649682,-87.64753866
157,41.936669,-87.636794
158,41.912616,-87.681391
159,41.907781,-87.685854
160,41.910535,-87.689556
162,41.93588,-87.67842
163,41.93186,-87.67079
164,41.885837,-87.6355
165,41.94893,-87.65775
166,41.92883,-87.668507
167,41.8492,-87.67564
168,41.864059,-87.623727
169,41.874337,-87.639566
170,41.85795,-87.640826
171,41.855136,-87.654127
173,41.89691,-87.621743
174,41.882091,-87.639833
175,41.872373,-87.633523
176,41.903233,-87.631253
177,41.926277,-87.630834
178,41.856594,-87.627542
179,41.82256,-87.61615
181,41.890749,-87.63206
183,41.899714,-87.677234
184,41.83104,-87.62688
185,41.917741,-87.691392
186,41.891795,-87.658751
188,41.92533,-87.6658
190,41.92888,-87.66317
191,41.8807,-87.63947
192,41.87923,-87.640015
193,41.841707,-87.626938
194,41.887155,-87.62775
195,41.8853,-87.62077
196,41.889875,-87.621994
197,41.882134,-87.625125
198,41.88175,-87.6478
199,41.891738,-87.626937
200,41.809851,-87.616279
201,41.82168,-87.6216
202,41.857499,-87.646277
203,41.85394,-87.685243
204,41.7951,-87.61936
205,41.857901,-87.668745
206,41.847203,-87.646795
207,41.84358,-87.645368
208,41.85381,-87.665897
209,41.849527,-87.640591
210,41.903456,-87.66777
211,41.894448,-87.622663
212,41.892238,-87.633985
213,41.910652,-87.6824
214,41.89122,-87.67686
215,41.88137,-87.67493
216,41.903029,-87.697474
217,41.886773,-87.656001
218,41.856802,-87.633879
219,41.916027,-87.677411
220,41.93262,-87.642385
222,41.920195,-87.693033
223,41.918216,-87.656936
224,41.913778,-87.64884
225,41.919936,-87.64883
226,41.939743,-87.658865
227,41.94815,-87.66394
228,41.9406,-87.6785
229,41.943739,-87.66402
230,41.94334,-87.67097
231,41.96167,-87.65464
232,41.947836,-87.645416
233,41.883004,-87.651148
234,41.961588,-87.666036
236,41.907576,-87.638517
237,41.842052,-87.617
238,41.961626,-87.674101
239,41.966555,-87.688487
240,41.95434,-87.654601
241,41.871737,-87.65103
242,41.967094,-87.679028
243,41.962391,-87.684146
244,41.95469,-87.67393
245,41.961004,-87.649603
246,41.956061,-87.668869
247,41.795212,-87.580715
248,41.795264,-87.596471
249,41.963982,-87.638181
250,41.936083,-87.669807
251,41.967968,-87.650001
252,41.809835,-87.599383
253,41.968873,-87.658857
254,41.954383,-87.648043
255,41.867888,-87.623041
256,41.952833,-87.649993
257,41.94911,-87.675112
258,41.930584,-87.685126
259,41.91855,-87.69723
260,41.929567,-87.707857
261,41.871514,-87.669886
262,41.827071,-87.645801
263,41.836208,-87.613533
264,41.886861,-87.622694
265,41.822985,-87.6071
267,41.809443,-87.591875
268,41.911722,-87.626804
271,41.816499,-87.606582
272,41.838842,-87.621857
273,41.857937,-87.623633
274,41.861267,-87.656625
275,41.865234,-87.666507
276,41.91044,-87.6972
277,41.891072,-87.666611
278,41.830629,-87.64129
279,41.830661,-87.647172
280,41.8378,-87.65114
281,41.84847,-87.685109
282,41.86458,-87.64693
283,41.87817,-87.631985
284,41.87785,-87.62408
285,41.89113,-87.67203
286,41.878724,-87.634793
287,41.881131,-87.635185
288,41.91797,-87.64368
289,41.912202,-87.634664
290,41.921525,-87.707322
291,41.906724,-87.63483
292,41.957081,-87.664199
293,41.965287,-87.658774
294,41.978353,-87.659753
295,41.972972,-87.659637
296,41.940106,-87.645451
297,41.961507,-87.671387
298,41.955927,-87.679259
299,41.943662,-87.648917
300,41.937739,-87.644094
301,41.907993,-87.631501
302,41.928712,-87.653833
303,41.945512,-87.64598
304,41.949333,-87.649634
305,41.902893,-87.687275
306,41.9584,-87.65423
307,41.921004,-87.663257
308,41.943403,-87.679618
309,41.917805,-87.682437
310,41.920082,-87.677855
311,41.96583,-87.68651
312,41.957879,-87.649519
313,41.925858,-87.638973
314,41.957921,-87.673567
315,41.906717,-87.682779
316,41.96325,-87.679258
317,41.869154,-87.671045
318,41.954177,-87.664358
319,41.932595,-87.665939
320,41.872187,-87.661501
321,41.871962,-87.626106
322,41.799568,-87.594747
323,41.969517,-87.654691
324,41.93132,-87.638742
325,41.973385,-87.668365
326,41.967096,-87.667429
327,41.921687,-87.653714
328,41.788746,-87.601334
329,41.932684,-87.63625
330,41.946176,-87.673308
331,41.90854,-87.648568
332,41.933341,-87.648747
333,41.907066,-87.667252
334,41.940775,-87.639192
335,41.831379,-87.618034
336,41.809855,-87.606755
337,41.896544,-87.630931
338,41.857611,-87.619407
339,41.838198,-87.645143
340,41.929546,-87.643118
341,41.866095,-87.607267
342,41.871262,-87.673688
343,41.928887,-87.658971
344,41.968641,-87.676335
345,41.793242,-87.587782
346,41.88283,-87.661206
347,41.950687,-87.6687
348,41.854016,-87.695445
349,41.929143,-87.649077
350,41.895966,-87.667747
351,41.803038,-87.606615